PATNO,Visit1,Visit2
3001,-0.0298406109,-1.0298406109
3002,2.4860654501,3.4860654501
