PATNO,Unnamed: 0,v1,v2
3001,1,10.0,-0.0298406109135
3002,2,,2.48606545009
3003,3,20.0,
