PATNO,Visit3
3001,-0.0298406109135
3002,-0.740699232591
