PATNO,V2,Treatment
3001,0.998047471046,Give Levadopa
3002,0.982936918736,Give Levadopa
