PATNO,V2,Treatment
3001,0.998047471046,Give Levadopa
3002,0.000360210513463,Healthy
