"","PATNO","Unnamed..0","Visit1","Visit2","Visit3"
"1",3001,1,-0.0298406109,-1.0298406109,-0.0298406109135
"2",3002,2,2.4860654501,3.4860654501,2.48606545009
"3",3003,3,0.45,1.45,NA
