"","PATNO","v1","v2"
"1",3001,10,-0.0298406109135
"2",3002,NA,2.48606545009
"3",3003,20,NA
