,PATNO,Visit1,Visit2
1,3001,-0.0298406109,-1.0298406109
2,3002,2.4860654501,3.4860654501
3,3003,0.45,1.45
