PATNO,Intercept,Progression,Penaltimate Visit,This time Visit,Diff
3001,-0.0298406109,-1.0,-0.0298406109,-1.0298406109,-1.0
3002,2.4860654501,1.0,2.4860654501,3.4860654501,1.0
3003,0.45,1.0,0.45,1.45,1.0
