PATNO,Intercept,Progression,Penaltimate Visit,This time Visit,Diff
3001,-0.363173944231,-6.74998945627e-12,-1.0298406109,-0.0298406109135,0.999999999987
3002,3.35719289722,-1.61338234135,3.4860654501,-0.740699232591,-4.22676468269
