PATNO,Intercept,Progression,Penaltimate Visit,This time Visit,Diff
3001,0.591047816733,-0.408952183274,-1.0298406109,-0.0298406109135,0.999999999987
3002,2.24581963503,0.245819635027,3.4860654501,2.48606545009,-1.00000000001
3003,,,1.45,,
