PATNO,Intercept,Progression
3001,4.7029840611,-1.3119362444
3002,5.7029840611,-0.3119362444
3003,6.7029840611,0.6880637556
